protein_ids,pair_name,screen_prefix,input_filename
ENSP00000501150;ENSP00000361021,PTEN_PIK3CB,dunn,
ENSP00000451828;ENSP00000361021,PTEN_AKT,dunn,
ENSP00000358548;ENSP00000257904;ENSP00000265734,NRAS_CDK4_6,hayes,
ENSP00000419060;ENSP00000302486;ENSP00000262948,BRAF_MEK,krall,
ENSP00000343741;ENSP00000320485,ARID1A_ATR,llorca,
ENSP00000369497;ENSP00000355759,BRCA2_PARP1,clements,
ENSP00000262643;ENSP00000262300,CCNE1_PKMYT1,gallo,
ENSP00000418960;ENSP00000355759,BRCA1_PARP1,Dev_Noordermeer,BRCA1_PARP1_Dev_Noordermeer_aggregated.csv
ENSP00000256078;ENSP00000302486;ENSP00000262948,KRAS_MEK,Krall_Wang,KRAS_MEK_Krall_Wang_aggregated.csv
ENSP00000358548;ENSP00000302486;ENSP00000262948,NRAS_MEK,Hayes_Krall,NRAS_MEK_Hayes_Krall_aggregated.csv